Flow id, Sent size (bytes), Delivered size (bytes), Overhead (%), Retransmit size (bytes), Effective delivery rate (Gbps), Delivery rate (Gbps), FCT (ns)
flow-1, 1752000, 1747500, 0.257511, 4500, 1.07598, 0.82487, 1.57842e+07
flow-3, 1752000, 1747500, 0.257511, 4500, 1.07123, 0.824022, 1.58004e+07
flow-2, 1753500, 1749000, 0.25729, 4500, 1.14147, 0.823509, 1.58238e+07
