Flow id, Sent size (bytes), Delivered size (bytes), Overhead (%), Retransmit size (bytes), Effective delivery rate (Gbps), Delivery rate (Gbps), FCT (ns)
flow-1, 1752000, 1747500, 0.257511, 4500, 1.15732, 0.845305, 1.54026e+07
flow-3, 1752000, 1747500, 0.257511, 4500, 1.0519, 0.844109, 1.54244e+07
flow-2, 1753500, 1749000, 0.25729, 4500, 1.19656, 0.843919, 1.54411e+07
