Flow id, Sent size (bytes), Delivered size (bytes), Overhead (%), Retransmit size (bytes), Effective delivery rate (Gbps), Delivery rate (Gbps), FCT (ns)
flow-1, 1752000, 1747500, 0.257511, 4500, 1.0268, 0.824192, 1.57972e+07
flow-3, 1752000, 1747500, 0.257511, 4500, 1.0786, 0.823171, 1.58167e+07
flow-2, 1753500, 1749000, 0.25729, 4500, 1.10482, 0.822719, 1.5839e+07
