Flow id, Sent size (bytes), Delivered size (bytes), Overhead (%), Retransmit size (bytes), Effective delivery rate (Gbps), Delivery rate (Gbps), FCT (ns)
flow-1, 1752000, 1747500, 0.257511, 4500, 1.07594, 0.824871, 1.57842e+07
flow-3, 1752000, 1747500, 0.257511, 4500, 1.07126, 0.824024, 1.58004e+07
flow-2, 1753500, 1749000, 0.25729, 4500, 1.1415, 0.82351, 1.58238e+07
